,id_x,release_date_x,movie,production_budget,domestic_gross,worldwide_gross,date_x,year,t1,t2,score,Unnamed: 0,genre_ids,id_y,original_language,original_title,popularity,release_date_y,title,vote_average,vote_count,date_y
0,5,15-Dec-17,Star Wars Ep. VIII: The Last Jedi,"$317,000,000 ","$620,181,382 ","$1,316,721,747 ",12/15/17,2017,Star Wars Ep. VIII: The Last Jedi,Star Wars: The Last Jedi,0.272727273,20624,"[14, 12, 878, 28]",181808,en,Star Wars: The Last Jedi,34.293,12/15/17,Star Wars: The Last Jedi,7,8534,12/15/17
1,5,15-Dec-17,Star Wars Ep. VIII: The Last Jedi,"$317,000,000 ","$620,181,382 ","$1,316,721,747 ",12/15/17,2017,Star Wars Ep. VIII: The Last Jedi,Star Wars: The Last Jedi,0.272727273,23831,"[14, 12, 878, 28]",181808,en,Star Wars: The Last Jedi,34.293,12/15/17,Star Wars: The Last Jedi,7,8534,12/15/17
2,6,18-Dec-15,Star Wars Ep. VII: The Force Awakens,"$306,000,000 ","$936,662,225 ","$2,053,311,220 ",12/18/15,2015,Star Wars Ep. VII: The Force Awakens,Star Wars: The Force Awakens,0.222222222,14172,"[28, 12, 878, 14]",140607,en,Star Wars: The Force Awakens,32.281,12/18/15,Star Wars: The Force Awakens,7.4,12641,12/18/15
3,6,18-Dec-15,Star Wars Ep. VII: The Force Awakens,"$306,000,000 ","$936,662,225 ","$2,053,311,220 ",12/18/15,2015,Star Wars Ep. VII: The Force Awakens,Star Wars: The Force Awakens,0.222222222,17385,"[28, 12, 878, 14]",140607,en,Star Wars: The Force Awakens,32.281,12/18/15,Star Wars: The Force Awakens,7.4,12641,12/18/15
4,49,5-May-17,Guardians of the Galaxy Vol 2,"$200,000,000 ","$389,813,101 ","$862,316,233 ",5/5/17,2017,Guardians of the Galaxy Vol 2,Guardians of the Galaxy Vol. 2,0.033333333,20622,"[28, 12, 35, 878]",283995,en,Guardians of the Galaxy Vol. 2,40.228,5/5/17,Guardians of the Galaxy Vol. 2,7.7,12535,5/5/17
5,58,17-Dec-10,Tron: Legacy,"$200,000,000 ","$172,062,763 ","$400,062,763 ",12/17/10,2010,Tron: Legacy,TRON: Legacy,0.25,54,"[12, 28, 878]",20526,en,TRON: Legacy,13.459,12/10/10,TRON: Legacy,6.3,4387,12/10/10
6,58,17-Dec-10,Tron: Legacy,"$200,000,000 ","$172,062,763 ","$400,062,763 ",12/17/10,2010,Tron: Legacy,TRON: Legacy,0.25,2536,"[12, 28, 878]",20526,en,TRON: Legacy,13.459,12/10/10,TRON: Legacy,6.3,4387,12/10/10
7,63,28-May-10,Prince of Persia: Sands of Time,"$200,000,000 ","$90,759,676 ","$336,359,676 ",5/28/10,2010,Prince of Persia: Sands of Time,Prince of Persia: The Sands of Time,0.114285714,55,"[12, 14, 28, 10749]",9543,en,Prince of Persia: The Sands of Time,13.44,5/27/10,Prince of Persia: The Sands of Time,6.2,4040,5/27/10
8,92,27-Jul-18,Mission: ImpossibleâFallout,"$178,000,000 ","$220,159,104 ","$787,456,552 ",7/27/18,2018,Mission: ImpossibleâFallout,Mission: Impossible - Fallout,0.103448276,23844,[28],353081,en,Mission: Impossible - Fallout,29.69,7/27/18,Mission: Impossible - Fallout,7.3,3811,7/27/18
9,3,21-Nov-18,Ralph Breaks The Internet,"$175,000,000 ","$201,091,711 ","$524,283,695 ",11/21/18,2018,Ralph Breaks The Internet,Ralph Breaks the Internet,0.04,23815,"[10751, 16, 35, 14, 12]",404368,en,Ralph Breaks the Internet,48.057,11/21/18,Ralph Breaks the Internet,7.2,2626,11/21/18
10,34,29-Jul-11,Cowboys and Aliens,"$163,000,000 ","$100,368,560 ","$176,038,324 ",7/29/11,2011,Cowboys and Aliens,Cowboys & Aliens,0.166666667,2497,"[28, 878, 53, 37]",49849,en,Cowboys & Aliens,16.293,7/29/11,Cowboys & Aliens,5.5,3110,7/29/11
11,40,24-May-13,Fast and Furious 6,"$160,000,000 ","$238,679,850 ","$789,300,444 ",5/24/13,2013,Fast and Furious 6,Fast & Furious 6,0.166666667,8880,"[28, 53, 80]",82992,en,Fast & Furious 6,2.114,5/22/13,Fast & Furious 6,6.8,7077,5/22/13
12,49,1-Jul-15,Terminator: Genisys,"$155,000,000 ","$89,760,956 ","$432,150,894 ",7/1/15,2015,Terminator: Genisys,Terminator Genisys,0.052631579,14174,"[878, 28, 53, 12]",87101,en,Terminator Genisys,31.11,7/1/15,Terminator Genisys,5.9,5309,7/1/15
13,68,31-Jul-15,Mission: ImpossibleâRogue Nation,"$150,000,000 ","$195,042,377 ","$688,858,992 ",7/31/15,2015,Mission: ImpossibleâRogue Nation,Mission: Impossible - Rogue Nation,0.088235294,14197,[28],177677,en,Mission: Impossible - Rogue Nation,20.177,7/31/15,Mission: Impossible - Rogue Nation,7.1,5242,7/31/15
14,98,16-Dec-11,Mission: ImpossibleâGhost Protocol,"$145,000,000 ","$209,397,903 ","$694,713,230 ",12/16/11,2011,Mission: ImpossibleâGhost Protocol,Mission: Impossible - Ghost Protocol,0.083333333,2483,"[28, 53, 12]",56292,en,Mission: Impossible - Ghost Protocol,18.304,12/21/11,Mission: Impossible - Ghost Protocol,7,6102,12/21/11
15,25,16-Nov-12,"The Twilight Saga: Breaking Dawn, Part 2","$136,200,000 ","$292,324,737 ","$829,724,737 ",11/16/12,2012,"The Twilight Saga: Breaking Dawn, Part 2",The Twilight Saga: Breaking Dawn - Part 2,0.048780488,5208,"[12, 14, 18, 10749]",50620,en,The Twilight Saga: Breaking Dawn - Part 2,16.542,11/16/12,The Twilight Saga: Breaking Dawn - Part 2,6.3,5130,11/16/12
16,57,18-Nov-11,"The Twilight Saga: Breaking Dawn, Part 1","$127,500,000 ","$281,287,133 ","$689,420,051 ",11/18/11,2011,"The Twilight Saga: Breaking Dawn, Part 1",The Twilight Saga: Breaking Dawn - Part 1,0.048780488,2480,"[12, 14, 10749]",50619,en,The Twilight Saga: Breaking Dawn - Part 1,19.22,11/17/11,The Twilight Saga: Breaking Dawn - Part 1,6,5098,11/17/11
17,61,15-Jul-11,Harry Potter and the Deathly Hallows: Part II,"$125,000,000 ","$381,193,157 ","$1,341,693,157 ",7/15/11,2011,Harry Potter and the Deathly Hallows: Part II,Harry Potter and the Deathly Hallows: Part 2,0.044444444,2471,"[10751, 14, 12]",12445,en,Harry Potter and the Deathly Hallows: Part 2,29.206,7/15/11,Harry Potter and the Deathly Hallows: Part 2,8.1,11567,7/15/11
18,64,19-Nov-10,Harry Potter and the Deathly Hallows: Part I,"$125,000,000 ","$296,131,568 ","$960,431,568 ",11/19/10,2010,Harry Potter and the Deathly Hallows: Part I,Harry Potter and the Deathly Hallows: Part 1,0.022727273,0,"[12, 14, 10751]",12444,en,Harry Potter and the Deathly Hallows: Part 1,33.533,11/19/10,Harry Potter and the Deathly Hallows: Part 1,7.7,10788,11/19/10
19,80,21-Dec-16,Assassinâs Creed,"$125,000,000 ","$54,647,948 ","$240,759,682 ",12/21/16,2016,Assassinâs Creed,Assassin's Creed,0.166666667,17471,"[28, 12, 878]",121856,en,Assassin's Creed,14.051,12/21/16,Assassin's Creed,5.4,5010,12/21/16
20,80,21-Dec-16,Assassinâs Creed,"$125,000,000 ","$54,647,948 ","$240,759,682 ",12/21/16,2016,Assassinâs Creed,Assassin's Creed,0.166666667,20727,"[28, 12, 878]",121856,en,Assassin's Creed,14.051,12/21/16,Assassin's Creed,5.4,5010,12/21/16
21,1,17-Dec-10,How Do You Know?,"$120,000,000 ","$30,212,620 ","$49,628,177 ",12/17/10,2010,How Do You Know?,How Do You Know,0.0625,323,"[35, 18, 10749]",42888,en,How Do You Know,6.753,12/17/10,How Do You Know,5.1,453,12/17/10
22,10,22-Apr-16,The Huntsman: Winterâs War,"$115,000,000 ","$48,003,015 ","$165,149,302 ",4/22/16,2016,The Huntsman: Winterâs War,The Huntsman: Winter's War,0.107142857,17434,"[28, 12, 18]",290595,en,The Huntsman: Winter's War,16.661,4/22/16,The Huntsman: Winter's War,6.2,2966,4/22/16
23,30,30-Sep-16,Miss Peregrineâs Home for Peculiar Children,"$110,000,000 ","$87,242,834 ","$295,986,876 ",9/30/16,2016,Miss Peregrineâs Home for Peculiar Children,Miss Peregrine's Home for Peculiar Children,0.066666667,17413,"[18, 14, 12, 10751]",283366,en,Miss Peregrine's Home for Peculiar Children,19.132,9/30/16,Miss Peregrine's Home for Peculiar Children,6.7,6211,9/30/16
24,44,14-Dec-18,Spider-Man: Into The Spider-Verse 3D,"$90,000,000 ","$190,173,195 ","$375,381,768 ",12/14/18,2018,Spider-Man: Into The Spider-Verse 3D,Spider-Man: Into the Spider-Verse,0.111111111,23812,"[28, 12, 16, 878, 35]",324857,en,Spider-Man: Into the Spider-Verse,60.534,12/14/18,Spider-Man: Into the Spider-Verse,8.4,4048,12/14/18
25,22,13-Aug-10,Scott Pilgrim vs. The World,"$85,000,000 ","$31,611,316 ","$48,056,764 ",8/13/10,2010,Scott Pilgrim vs. The World,Scott Pilgrim vs. the World,0.037037037,41,"[28, 35, 10749]",22538,en,Scott Pilgrim vs. the World,14.383,8/13/10,Scott Pilgrim vs. the World,7.3,3882,8/13/10
26,58,11-Feb-11,Just Go With It,"$80,000,000 ","$103,028,109 ","$214,974,953 ",2/11/11,2011,Just Go With It,Just Go with It,0.066666667,2478,"[35, 10749]",50546,en,Just Go with It,19.565,2/11/11,Just Go with It,6.4,2958,2/11/11
27,55,14-Aug-15,The Man From U.N.C.L.E.,"$75,000,000 ","$45,445,109 ","$104,949,584 ",8/14/15,2015,The Man From U.N.C.L.E.,The Man from U.N.C.L.E.,0.043478261,14207,"[35, 28, 12]",203801,en,The Man from U.N.C.L.E.,18.956,8/14/15,The Man from U.N.C.L.E.,7.1,3525,8/14/15
28,5,10-Nov-17,Daddyâs Home 2,"$70,000,000 ","$104,029,443 ","$175,807,183 ",11/10/17,2017,Daddyâs Home 2,Daddy's Home 2,0.1875,20751,[35],419680,en,Daddy's Home 2,12.525,11/10/17,Daddy's Home 2,6,1267,11/10/17
29,5,10-Nov-17,Daddyâs Home 2,"$70,000,000 ","$104,029,443 ","$175,807,183 ",11/10/17,2017,Daddyâs Home 2,Daddy's Home 2,0.1875,24052,[35],419680,en,Daddy's Home 2,12.525,11/10/17,Daddy's Home 2,6,1267,11/10/17
30,24,24-Sep-10,Wall Street 2: Money Never Sleeps,"$70,000,000 ","$52,474,616 ","$137,431,619 ",9/24/10,2010,Wall Street 2: Money Never Sleeps,Wall Street: Money Never Sleeps,0.060606061,128,"[18, 80]",33909,en,Wall Street: Money Never Sleeps,10.177,9/20/10,Wall Street: Money Never Sleeps,6,797,9/20/10
31,46,9-May-14,Legends of Oz: Dorothyâs Return,"$70,000,000 ","$8,462,347 ","$20,107,933 ",5/9/14,2014,Legends of Oz: Dorothyâs Return,Legends of Oz: Dorothy's Return,0.090909091,11488,"[16, 10402, 10751]",59981,en,Legends of Oz: Dorothy's Return,6.349,5/9/14,Legends of Oz: Dorothy's Return,5.7,67,5/9/14
32,78,25-Dec-12,Les Miserables,"$65,000,000 ","$148,809,770 ","$442,169,052 ",12/25/12,2012,Les Miserables,Les Misérables,0.071428571,5295,"[36, 18]",82695,en,Les Misérables,10.458,12/25/12,Les Misérables,7.4,3283,12/25/12
33,83,5-Jun-15,Spy!,"$65,000,000 ","$110,825,712 ","$232,585,748 ",6/5/15,2015,Spy!,Spy,0.25,14268,"[28, 35, 80]",238713,en,Spy,12.54,6/5/15,Spy,6.8,3917,6/5/15
34,91,12-Aug-16,Peteâs Dragon,"$65,000,000 ","$76,233,151 ","$137,768,975 ",8/12/16,2016,Peteâs Dragon,Pete's Dragon,0.2,17450,"[12, 10751, 14]",294272,en,Pete's Dragon,15.734,8/12/16,Pete's Dragon,6.3,1322,8/12/16
35,43,14-Feb-14,Winterâs Tale,"$60,000,000 ","$12,600,231 ","$29,575,033 ",2/14/14,2014,Winterâs Tale,Winter's Tale,0.2,11514,"[18, 14, 9648, 10749]",137321,en,Winter's Tale,6.224,2/13/14,Winter's Tale,6.2,796,2/13/14
36,9,17-Jun-11,Mr. Poppers's Penguins,"$55,000,000 ","$68,224,452 ","$189,624,452 ",6/17/11,2011,Mr. Poppers's Penguins,Mr. Popper's Penguins,0.045454545,2719,"[35, 10751]",58224,en,Mr. Popper's Penguins,8.292,6/17/11,Mr. Popper's Penguins,5.8,1554,6/17/11
37,75,5-Feb-10,From Paris With Love,"$52,000,000 ","$24,077,427 ","$53,139,168 ",2/5/10,2010,From Paris With Love,From Paris with Love,0.05,65,"[28, 80, 53]",26389,en,From Paris with Love,12.862,2/5/10,From Paris with Love,6.2,1075,2/5/10
38,88,25-Dec-15,Daddyâs Home,"$50,000,000 ","$150,357,137 ","$242,757,137 ",12/25/15,2015,Daddyâs Home,Daddy's Home,0.214285714,14237,[35],274167,en,Daddy's Home,14.847,12/25/15,Daddy's Home,6.1,1688,12/25/15
39,8,29-Jul-11,"Crazy, Stupid, Love","$50,000,000 ","$84,351,197 ","$147,142,328 ",7/29/11,2011,"Crazy, Stupid, Love","Crazy, Stupid, Love.",0.05,2538,"[35, 18, 10749]",50646,en,"Crazy, Stupid, Love.",13.277,7/29/11,"Crazy, Stupid, Love.",7.2,4585,7/29/11
40,24,18-Jul-14,Planes: Fire and Rescue,"$50,000,000 ","$59,157,732 ","$156,399,644 ",7/18/14,2014,Planes: Fire and Rescue,Planes: Fire & Rescue,0.130434783,11213,"[16, 35, 12, 10751]",218836,en,Planes: Fire & Rescue,9.231,7/18/14,Planes: Fire & Rescue,6,420,7/18/14
41,28,18-Feb-11,I am Number Four,"$50,000,000 ","$55,100,437 ","$146,195,159 ",2/18/11,2011,I am Number Four,I Am Number Four,0.0625,2578,"[28, 53, 878, 12]",46529,en,I Am Number Four,11.555,2/18/11,I Am Number Four,6,2805,2/18/11
42,51,31-Dec-10,Arthur and the War of Two Worlds,"$45,500,000 ","$347,136 ","$36,180,824 ",12/31/10,2010,Arthur and the War of Two Worlds,Arthur 3: The War of the Two Worlds,0.228571429,67,"[16, 12, 14, 10751]",42949,en,Arthur 3: la guerre des deux mondes,12.679,8/22/10,Arthur 3: The War of the Two Worlds,5.6,865,8/22/10
43,40,9-Nov-18,The Girl in the Spiderâs Web,"$43,000,000 ","$14,828,555 ","$34,983,342 ",11/9/18,2018,The Girl in the Spiderâs Web,The Girl in the Spider's Web,0.1,23852,"[28, 80, 53]",446807,en,The Girl in the Spider's Web,26.425,11/9/18,The Girl in the Spider's Web,6,501,11/9/18
44,94,10-Feb-17,John Wick: Chapter Two,"$40,000,000 ","$92,029,184 ","$171,350,009 ",2/10/17,2017,John Wick: Chapter Two,John Wick: Chapter 2,0.136363636,20619,"[53, 28, 80]",324552,en,John Wick: Chapter 2,45.253,2/10/17,John Wick: Chapter 2,7,5863,2/10/17
45,16,21-Sep-18,The House with a Clock in its Walls,"$40,000,000 ","$68,549,695 ","$126,331,750 ",9/21/18,2018,The House with a Clock in its Walls,The House with a Clock in Its Walls,0.028571429,23887,"[14, 10751]",463821,en,The House with a Clock in Its Walls,21.805,9/21/18,The House with a Clock in Its Walls,6.2,933,9/21/18
46,28,15-Feb-13,Escape From Planet Earth,"$40,000,000 ","$57,012,977 ","$74,156,610 ",2/15/13,2013,Escape From Planet Earth,Escape from Planet Earth,0.041666667,8052,"[16, 35, 12, 10751, 878]",68179,en,Escape from Planet Earth,9.227,2/14/13,Escape from Planet Earth,5.8,459,2/14/13
47,48,30-May-14,A Million Ways to Die in The West,"$40,000,000 ","$42,720,965 ","$86,778,557 ",5/30/14,2014,A Million Ways to Die in The West,A Million Ways to Die in the West,0.03030303,11154,"[35, 37]",188161,en,A Million Ways to Die in the West,10.816,5/30/14,A Million Ways to Die in the West,5.8,2219,5/30/14
48,70,25-Dec-11,Extremely Loud and Incredibly Close,"$40,000,000 ","$31,847,881 ","$55,247,881 ",12/25/11,2011,Extremely Loud and Incredibly Close,Extremely Loud & Incredibly Close,0.085714286,2641,[18],64685,en,Extremely Loud & Incredibly Close,9.828,12/24/11,Extremely Loud & Incredibly Close,7,1231,12/24/11
49,21,10-Jul-15,Baahubali: The Beginning,"$40,000,000 ","$6,738,000 ","$26,736,665 ",7/10/15,2015,Baahubali: The Beginning,Bahubali: The Beginning,0.041666667,14356,"[28, 18]",256040,te,Bahubali: The Beginning,9.254,7/10/15,Bahubali: The Beginning,7.3,228,7/10/15
50,30,11-Nov-16,Billy Lynnâs Long Halftime Walk,"$40,000,000 ","$1,738,477 ","$30,230,402 ",11/11/16,2016,Billy Lynnâs Long Halftime Walk,Billy Lynn's Long Halftime Walk,0.090909091,17618,"[18, 10752]",293767,en,Billy Lynn's Long Halftime Walk,9.318,11/11/16,Billy Lynn's Long Halftime Walk,5.9,309,11/11/16
51,30,11-Nov-16,Billy Lynnâs Long Halftime Walk,"$40,000,000 ","$1,738,477 ","$30,230,402 ",11/11/16,2016,Billy Lynnâs Long Halftime Walk,Billy Lynn's Long Halftime Walk,0.090909091,20907,"[18, 10752]",293767,en,Billy Lynn's Long Halftime Walk,9.318,11/11/16,Billy Lynn's Long Halftime Walk,5.9,309,11/11/16
53,64,8-Oct-10,Life as We Know It,"$38,000,000 ","$53,374,681 ","$105,887,837 ",10/8/10,2010,Life as We Know It,Life As We Know It,0.055555556,86,"[35, 10749, 18]",38408,en,Life As We Know It,11.806,10/2/10,Life As We Know It,6.8,1748,10/2/10
54,98,12-Feb-16,How to be Single,"$37,000,000 ","$46,843,513 ","$100,003,780 ",2/12/16,2016,How to be Single,How to Be Single,0.0625,17557,"[35, 10749]",259694,en,How to Be Single,10.271,2/12/16,How to Be Single,6.1,2036,2/12/16
55,5,5-Oct-18,A Star is Born,"$36,000,000 ","$215,288,866 ","$433,449,571 ",10/5/18,2018,A Star is Born,A Star Is Born,0.071428571,23828,"[18, 10749, 10402]",332562,en,A Star Is Born,35.848,10/5/18,A Star Is Born,7.5,5676,10/5/18
56,6,11-Feb-11,Gnomeo and Juliet,"$36,000,000 ","$99,967,670 ","$193,737,977 ",2/11/11,2011,Gnomeo and Juliet,Gnomeo & Juliet,0.176470588,2496,"[16, 10751]",45772,en,Gnomeo & Juliet,16.408,2/11/11,Gnomeo & Juliet,5.8,1085,2/11/11
57,20,22-Jan-16,Yip Man 3,"$36,000,000 ","$2,679,437 ","$157,300,954 ",1/22/16,2016,Yip Man 3,Ip Man 3,0.222222222,17502,"[28, 18, 36]",365222,cn,葉問3,12.11,1/22/16,Ip Man 3,6.7,681,1/22/16
58,45,21-Dec-12,This is 40,"$35,000,000 ","$67,544,505 ","$90,221,182 ",12/21/12,2012,This is 40,This Is 40,0.1,5391,[35],89492,en,This Is 40,8.132,12/21/12,This Is 40,5.7,1296,12/21/12
59,75,23-Apr-10,The Back-up Plan,"$35,000,000 ","$37,490,007 ","$75,281,179 ",4/23/10,2010,The Back-up Plan,The Back-Up Plan,0.0625,35,"[35, 10749]",34806,en,The Back-Up Plan,15.49,4/23/10,The Back-Up Plan,6,806,4/23/10
60,3,16-Sep-16,Bridget Jonesâs Baby,"$35,000,000 ","$24,139,805 ","$205,822,688 ",9/16/16,2016,Bridget Jonesâs Baby,Bridget Jones's Baby,0.136363636,17549,"[35, 10749]",95610,en,Bridget Jones's Baby,10.518,9/16/16,Bridget Jones's Baby,6.4,1806,9/16/16
61,91,12-Jun-13,This is the End,"$32,000,000 ","$101,470,202 ","$126,539,117 ",6/12/13,2013,This is the End,This Is the End,0.066666667,8001,"[28, 35]",109414,en,This Is the End,10.635,6/12/13,This Is the End,6.2,3789,6/12/13
62,65,18-Aug-17,The Hitmanâs Bodyguard,"$30,000,000 ","$75,468,583 ","$172,778,667 ",8/18/17,2017,The Hitmanâs Bodyguard,The Hitman's Bodyguard,0.125,20654,"[28, 35]",390043,en,The Hitman's Bodyguard,21.46,8/18/17,The Hitman's Bodyguard,6.7,3017,8/18/17
63,29,24-Nov-10,Love and Other Drugs,"$30,000,000 ","$32,367,005 ","$102,716,321 ",11/24/10,2010,Love and Other Drugs,Love & Other Drugs,0.15,132,"[18, 35, 10749]",43347,en,Love & Other Drugs,10.09,11/24/10,Love & Other Drugs,6.9,2509,11/24/10
64,36,25-Dec-17,Mollyâs Game,"$30,000,000 ","$28,780,744 ","$53,296,424 ",12/25/17,2017,Mollyâs Game,Molly's Game,0.214285714,20715,"[80, 18]",396371,en,Molly's Game,14.64,12/25/17,Molly's Game,7.1,1724,12/25/17
65,36,25-Dec-17,Mollyâs Game,"$30,000,000 ","$28,780,744 ","$53,296,424 ",12/25/17,2017,Mollyâs Game,Molly's Game,0.214285714,23990,"[80, 18]",396371,en,Molly's Game,14.64,12/25/17,Molly's Game,7.1,1724,12/25/17
66,63,4-Jun-10,Splice,"$30,000,000 ","$17,010,170 ","$28,542,494 ",6/4/10,2010,Splice,Slice,0.166666667,1042,"[28, 80, 18, 27, 53]",57309,fr,เฉือน,1.479,7/16/10,Slice,6.4,16,7/16/10
67,79,29-Apr-11,Hoodwinked Too: Hood vs. Evil,"$30,000,000 ","$10,143,779 ","$23,353,111 ",4/29/11,2011,Hoodwinked Too: Hood vs. Evil,Hoodwinked Too! Hood VS. Evil,0.103448276,2839,"[35, 16, 10751]",57089,en,Hoodwinked Too! Hood VS. Evil,6.906,4/29/11,Hoodwinked Too! Hood VS. Evil,5,257,4/29/11
68,78,30-Oct-15,Our Brand is Crisis,"$28,000,000 ","$7,002,261 ","$8,594,558 ",10/30/15,2015,Our Brand is Crisis,Our Brand Is Crisis,0.052631579,14415,"[35, 18]",10317,en,Our Brand Is Crisis,8.304,10/30/15,Our Brand Is Crisis,5.9,306,10/30/15
69,78,30-Oct-15,Our Brand is Crisis,"$28,000,000 ","$7,002,261 ","$8,594,558 ",10/30/15,2015,Our Brand is Crisis,Our Brand Is Crisis,0.052631579,17692,"[35, 18]",10317,en,Our Brand Is Crisis,8.304,10/30/15,Our Brand Is Crisis,5.9,306,10/30/15
70,19,23-Nov-16,Rules Donât Apply,"$26,700,000 ","$3,652,206 ","$3,871,448 ",11/23/16,2016,Rules Donât Apply,Rules Don't Apply,0.157894737,17848,"[10749, 35, 18]",291328,en,Rules Don't Apply,6.769,11/23/16,Rules Don't Apply,5.9,245,11/23/16
71,31,9-Dec-11,New Yearâs Eve,"$26,000,000 ","$54,544,638 ","$146,850,273 ",12/9/11,2011,New Yearâs Eve,New Year's Eve,0.1875,2591,"[35, 10749]",62838,en,New Year's Eve,11.138,12/9/11,New Year's Eve,5.8,1301,12/9/11
72,48,10-Jul-15,Self/Less,"$26,000,000 ","$12,279,691 ","$33,667,319 ",7/10/15,2015,Self/Less,Self/less,0.111111111,14204,"[878, 9648, 53]",238615,en,Self/less,19.131,7/10/15,Self/less,6.3,1815,7/10/15
73,86,27-Jan-17,A Dogâs Purpose,"$25,000,000 ","$64,321,890 ","$203,671,625 ",1/27/17,2017,A Dogâs Purpose,A Dog's Purpose,0.176470588,20869,"[35, 18, 10751, 14]",381289,en,A Dog's Purpose,9.854,1/27/17,A Dog's Purpose,7.2,1484,1/27/17
74,27,29-Apr-16,Motherâs Day,"$25,000,000 ","$32,492,859 ","$52,367,022 ",4/29/16,2016,Motherâs Day,Mother's Day,0.214285714,17841,"[35, 18, 10749]",353069,en,Mother's Day,6.822,4/29/16,Mother's Day,5.9,782,4/29/16
75,51,5-Aug-15,Shaun the Sheep,"$25,000,000 ","$19,375,982 ","$101,925,161 ",8/5/15,2015,Shaun the Sheep,Shaun the Sheep Movie,0.285714286,14267,"[10751, 16, 35, 12]",263109,en,Shaun the Sheep Movie,12.555,8/5/15,Shaun the Sheep Movie,6.9,713,8/5/15
76,73,22-Sep-17,Victoria and Abdul,"$21,000,000 ","$22,245,070 ","$68,271,146 ",9/22/17,2017,Victoria and Abdul,Victoria & Abdul,0.166666667,20816,"[18, 36]",423899,en,Victoria & Abdul,10.918,9/22/17,Victoria & Abdul,6.9,595,9/22/17
77,53,4-Nov-11,A Very Harold & Kumar 3D Christmas,"$20,000,000 ","$35,061,031 ","$36,265,745 ",11/4/11,2011,A Very Harold & Kumar 3D Christmas,A Very Harold & Kumar Christmas,0.088235294,2627,[35],55465,en,A Very Harold & Kumar Christmas,10.123,11/4/11,A Very Harold & Kumar Christmas,6,496,11/4/11
78,57,19-Sep-14,This is Where I Leave You,"$20,000,000 ","$34,296,320 ","$41,296,320 ",9/19/14,2014,This is Where I Leave You,This Is Where I Leave You,0.04,11191,"[18, 35]",239678,en,This Is Where I Leave You,9.681,9/19/14,This Is Where I Leave You,6.6,695,9/19/14
79,61,12-Apr-13,Scary Movie V,"$20,000,000 ","$32,015,787 ","$78,613,981 ",4/12/13,2013,Scary Movie V,Scary Movie 5,0.076923077,7913,[35],4258,en,Scary Movie 5,16.316,4/12/13,Scary Movie 5,4.7,1494,4/12/13
80,80,17-Sep-10,Alpha and Omega 3D,"$20,000,000 ","$25,107,267 ","$48,958,353 ",9/17/10,2010,Alpha and Omega 3D,Alpha and Omega,0.166666667,234,"[16, 10751, 35, 12, 10749]",12819,en,Alpha and Omega,8.108,9/17/10,Alpha and Omega,5.4,227,9/17/10
81,7,31-Mar-17,The Zookeeperâs Wife,"$20,000,000 ","$17,445,186 ","$26,308,749 ",3/31/17,2017,The Zookeeperâs Wife,The Zookeeper's Wife,0.136363636,20781,"[18, 36]",289222,en,The Zookeeper's Wife,11.645,3/31/17,The Zookeeper's Wife,7.4,726,3/31/17
82,52,29-Apr-16,Ratchet and Clank,"$20,000,000 ","$8,813,410 ","$14,365,639 ",4/29/16,2016,Ratchet and Clank,Ratchet & Clank,0.176470588,17683,"[28, 12, 16, 10751]",234004,en,Ratchet & Clank,8.439,4/29/16,Ratchet & Clank,5.5,332,4/29/16
83,85,13-Nov-15,My All-American,"$20,000,000 ","$2,246,000 ","$2,246,000 ",11/13/15,2015,My All-American,My All American,0.066666667,14707,[18],334531,en,My All American,5.753,11/13/15,My All American,7.1,63,11/13/15
84,85,13-Nov-15,My All-American,"$20,000,000 ","$2,246,000 ","$2,246,000 ",11/13/15,2015,My All-American,My All American,0.066666667,17977,[18],334531,en,My All American,5.753,11/13/15,My All American,7.1,63,11/13/15
85,91,29-Aug-12,The Oogieloves in the BIG Balloon Adventure,"$20,000,000 ","$1,065,907 ","$1,065,907 ",8/29/12,2012,The Oogieloves in the BIG Balloon Adventure,The Oogieloves in the Big Balloon Adventure,0.046511628,6253,[10751],112937,en,The Oogieloves in the Big Balloon Adventure,1.578,8/29/12,The Oogieloves in the Big Balloon Adventure,2.6,9,8/29/12
86,38,2-Nov-18,Nobodyâs Fool,"$19,000,000 ","$31,713,110 ","$32,589,493 ",11/2/18,2018,Nobodyâs Fool,Nobody's Fool,0.2,24064,"[35, 18, 10749]",514619,en,Nobody's Fool,12.276,11/2/18,Nobody's Fool,5.9,96,11/2/18
88,37,27-Sep-13,Metallica Through the Never,"$18,000,000 ","$3,419,967 ","$9,082,906 ",9/27/13,2013,Metallica Through the Never,Metallica: Through the Never,0.035714286,8190,[10402],193613,en,Metallica: Through the Never,7.295,9/27/13,Metallica: Through the Never,6.6,130,9/27/13
89,40,17-Mar-17,T2: Trainspotting,"$18,000,000 ","$2,402,004 ","$42,091,262 ",3/17/17,2017,T2: Trainspotting,T2 Trainspotting,0.058823529,20809,"[80, 18]",180863,en,T2 Trainspotting,11.001,3/17/17,T2 Trainspotting,7,1741,3/17/17
90,69,13-Aug-14,Letâs Be Cops,"$17,000,000 ","$82,390,774 ","$136,890,774 ",8/13/14,2014,Letâs Be Cops,Let's Be Cops,0.2,11060,[35],193893,en,Let's Be Cops,18.395,8/13/14,Let's Be Cops,6.3,1693,8/13/14
91,49,13-Jun-18,Superfly,"$16,000,000 ","$20,537,137 ","$20,723,581 ",6/13/18,2018,Superfly,SuperFly,0.125,24075,"[28, 80]",500475,en,SuperFly,12.046,6/13/18,SuperFly,6.5,130,6/13/18
92,76,1-Oct-14,"Men, Women and Children","$16,000,000 ","$705,908 ","$1,685,403 ",10/1/14,2014,"Men, Women and Children","Men, Women & Children",0.130434783,11249,"[18, 35]",243684,en,"Men, Women & Children",8.658,10/17/14,"Men, Women & Children",6.5,518,10/17/14
93,97,26-Nov-10,The Kingâs Speech,"$15,000,000 ","$138,797,449 ","$430,821,168 ",11/26/10,2010,The Kingâs Speech,The King's Speech,0.157894737,25,"[18, 36]",45269,en,The King's Speech,16.798,9/6/10,The King's Speech,7.7,5013,9/6/10
94,56,10-Oct-14,AutÃ³mata,"$15,000,000 ",$0 ,"$6,775,458 ",10/10/14,2014,AutÃ³mata,Automata,0.222222222,11079,"[53, 878]",262543,en,Autómata,15.5,10/10/14,Automata,5.6,958,10/10/14
95,70,1-Mar-13,21 and Over,"$13,000,000 ","$25,682,380 ","$42,195,766 ",3/1/13,2013,21 and Over,21 & Over,0.272727273,8027,[35],107811,en,21 & Over,9.749,3/1/13,21 & Over,5.7,1020,3/1/13
96,95,7-Dec-18,Ben is Back,"$13,000,000 ","$3,703,182 ","$9,633,111 ",12/7/18,2018,Ben is Back,Ben Is Back,0.090909091,23929,[18],492452,en,Ben Is Back,17.273,12/7/18,Ben Is Back,6.7,254,12/7/18
97,10,23-Dec-11,In The Land of Blood and Honey,"$13,000,000 ","$303,877 ","$509,193 ",12/23/11,2011,In The Land of Blood and Honey,In the Land of Blood and Honey,0.033333333,2991,"[18, 10749, 10752]",79777,en,In the Land of Blood and Honey,5.099,12/23/11,In the Land of Blood and Honey,6.1,83,12/23/11
99,39,26-Aug-16,Donât Breathe,"$10,000,000 ","$89,217,875 ","$158,973,685 ",8/26/16,2016,Donât Breathe,Don't Breathe,0.2,17501,"[80, 27, 53]",300669,en,Don't Breathe,12.141,8/26/16,Don't Breathe,6.9,3662,8/26/16
100,51,5-Jun-15,Insidious Chapter 3,"$10,000,000 ","$52,218,558 ","$120,453,155 ",6/5/15,2015,Insidious Chapter 3,Insidious: Chapter 3,0.05,14201,"[18, 27, 53]",280092,en,Insidious: Chapter 3,19.859,6/5/15,Insidious: Chapter 3,6.2,1886,6/5/15
101,84,27-Jul-18,Teen Titans Go! To The Movies,"$10,000,000 ","$29,790,236 ","$51,620,593 ",7/27/18,2018,Teen Titans Go! To The Movies,Teen Titans Go! To the Movies,0.034482759,23946,"[16, 28, 35, 878]",474395,en,Teen Titans Go! To the Movies,16.523,7/27/18,Teen Titans Go! To the Movies,7,304,7/27/18
102,88,30-Aug-13,One Direction: This is Us,"$10,000,000 ","$28,873,374 ","$68,541,786 ",8/30/13,2013,One Direction: This is Us,One Direction: This Is Us,0.04,8065,"[99, 10402]",164558,en,One Direction: This Is Us,9.005,8/30/13,One Direction: This Is Us,8.1,370,8/30/13
103,69,30-Mar-16,Everybody Wants Some,"$10,000,000 ","$3,400,278 ","$5,437,126 ",3/30/16,2016,Everybody Wants Some,Everybody Wants Some!!,0.090909091,17835,[35],295699,en,Everybody Wants Some!!,6.839,3/30/16,Everybody Wants Some!!,6.4,681,3/30/16
104,11,3-May-13,"Cinco de Mayo, La Batalla","$10,000,000 ","$173,472 ","$173,472 ",5/3/13,2013,"Cinco de Mayo, La Batalla",Cinco de Mayo: La Batalla,0.04,10522,"[10752, 36, 18]",184374,es,Cinco de Mayo: La Batalla,0.6,5/3/13,Cinco de Mayo: La Batalla,5.9,16,5/3/13
105,46,7-Feb-14,Nurse 3D,"$10,000,000 ",$0 ,$0 ,2/7/14,2014,Nurse 3D,Nurse 3-D,0.111111111,11393,"[27, 53]",78383,en,Nurse 3-D,7.157,2/7/14,Nurse 3-D,4.9,177,2/7/14
106,90,12-Aug-11,Glee: The 3D Concert Movie,"$9,000,000 ","$11,862,398 ","$17,462,398 ",8/12/11,2011,Glee: The 3D Concert Movie,Glee: The Concert Movie,0.115384615,2900,"[99, 10402, 10751]",67675,en,Glee: The Concert Movie,6.171,8/12/11,Glee: The Concert Movie,7.2,140,8/12/11
107,9,14-May-10,Princess Kaiulani,"$9,000,000 ","$883,887 ","$883,887 ",5/14/10,2010,Princess Kaiulani,Princess Ka'iulani,0.055555556,428,[18],39806,en,Princess Ka'iulani,5.239,5/14/10,Princess Ka'iulani,5.1,22,5/14/10
108,15,5-Feb-10,Red Riding: The Year of Our Lord 1974,"$9,000,000 ","$148,826 ","$148,826 ",2/5/10,2010,Red Riding: The Year of Our Lord 1974,Red Riding: In the Year of Our Lord 1974,0.1,317,"[53, 9648, 80, 18]",291081,en,Red Riding: In the Year of Our Lord 1974,6.871,2/5/10,Red Riding: In the Year of Our Lord 1974,6.8,99,2/5/10
111,23,1-Feb-13,A Haunting in Connecticut 2: The Ghosts of Georgia,"$9,000,000 ",$0 ,$0 ,2/1/13,2013,A Haunting in Connecticut 2: The Ghosts of Georgia,The Haunting in Connecticut 2: Ghosts of Georgia,0.14,8026,"[27, 18, 53]",150202,en,The Haunting in Connecticut 2: Ghosts of Georgia,9.753,2/1/13,The Haunting in Connecticut 2: Ghosts of Georgia,5.7,272,2/1/13
112,43,18-Oct-13,All is Lost,"$8,500,000 ","$6,263,670 ","$10,386,814 ",10/18/13,2013,All is Lost,All Is Lost,0.090909091,8023,"[28, 12, 18]",152747,en,All Is Lost,9.869,10/18/13,All Is Lost,6.6,949,10/18/13
113,52,12-Feb-10,My Name is Khan,"$8,470,000 ","$4,046,336 ","$42,355,526 ",2/12/10,2010,My Name is Khan,My Name Is Khan,0.066666667,272,"[18, 10749]",26022,hi,My Name Is Khan,7.619,2/12/10,My Name Is Khan,7.8,409,2/12/10
114,41,24-Apr-18,Backstabbing For Beginners,"$8,000,000 ",$0 ,"$343,773 ",4/24/18,2018,Backstabbing For Beginners,Backstabbing for Beginners,0.038461538,24026,"[53, 18, 36]",476678,en,Backstabbing for Beginners,13.292,4/27/18,Backstabbing for Beginners,6.3,78,4/27/18
115,82,21-May-10,Perrierâs Bounty,"$6,600,000 ",$828 ,$828 ,5/21/10,2010,Perrierâs Bounty,Perrier's Bounty,0.166666667,666,"[28, 35, 80, 18]",41009,en,Perrier's Bounty,2.716,5/22/10,Perrier's Bounty,5.8,35,5/22/10
116,53,16-Mar-12,Casa de mi Padre,"$6,000,000 ","$5,909,483 ","$8,446,952 ",3/16/12,2012,Casa de mi Padre,Casa De Mi Padre,0.125,5415,"[35, 37]",80304,en,Casa De Mi Padre,7.691,3/16/12,Casa De Mi Padre,5.2,154,3/16/12
118,3,5-Oct-12,Trade of Innocents,"$5,800,000 ","$15,091 ","$15,091 ",10/5/12,2012,Trade of Innocents,Trade Of Innocents,0.055555556,5590,"[18, 53]",135595,en,Trade Of Innocents,5.882,9/27/12,Trade Of Innocents,5.7,16,9/27/12
119,43,24-Feb-17,The Girl with all the Gifts,"$5,250,000 ",$0 ,"$4,801,837 ",2/24/17,2017,The Girl with all the Gifts,The Girl with All the Gifts,0.037037037,20733,"[18, 27, 53, 878]",375366,en,The Girl with All the Gifts,13.714,2/24/17,The Girl with All the Gifts,6.4,982,2/24/17
120,53,13-Sep-13,Insidious Chapter 2,"$5,000,000 ","$83,586,447 ","$161,921,515 ",9/13/13,2013,Insidious Chapter 2,Insidious: Chapter 2,0.05,7939,"[27, 53]",91586,en,Insidious: Chapter 2,14.283,9/13/13,Insidious: Chapter 2,6.6,2279,9/13/13
121,85,1-Apr-16,Godâs Not Dead 2,"$5,000,000 ","$20,773,069 ","$23,551,286 ",4/1/16,2016,Godâs Not Dead 2,God's Not Dead 2,0.166666667,17869,[18],347126,en,God's Not Dead 2,6.6,4/1/16,God's Not Dead 2,5.8,189,4/1/16
122,8,15-Jul-16,Hillaryâs America: The Secret History of the Democratic Party,"$5,000,000 ","$13,099,931 ","$13,099,931 ",7/15/16,2016,Hillaryâs America: The Secret History of the Democratic Party,Hillary's America: The Secret History of the Democratic Party,0.047619048,18648,"[36, 99]",391995,en,Hillary's America: The Secret History of the Democratic Party,1.811,7/15/16,Hillary's America: The Secret History of the Democratic Party,6.3,40,7/15/16
123,20,9-May-14,Momsâ Night Out,"$5,000,000 ","$10,429,707 ","$10,537,341 ",5/9/14,2014,Momsâ Night Out,Moms' Night Out,0.176470588,11546,[35],252680,en,Moms' Night Out,5.93,5/9/14,Moms' Night Out,5.7,175,5/9/14
124,66,26-Sep-14,Jimi: All is By My Side,"$5,000,000 ","$340,911 ","$927,074 ",9/26/14,2014,Jimi: All is By My Side,Jimi: All Is by My Side,0.086956522,11477,"[18, 10402]",192133,en,Jimi: All Is by My Side,6.461,5/31/14,Jimi: All Is by My Side,5.5,96,5/31/14
125,92,27-Jan-15,Born of War,"$5,000,000 ",$0 ,$0 ,1/27/15,2015,Born of War,Born Of War,0.090909091,15638,"[28, 53, 10752]",299552,en,Born Of War,1.375,1/27/15,Born Of War,4.3,9,1/27/15
126,98,25-Sep-15,Navy SEAL vs. Zombies,"$5,000,000 ",$0 ,$0 ,9/25/15,2015,Navy SEAL vs. Zombies,Navy Seals vs. Zombies,0.181818182,14768,"[27, 28]",361159,en,Navy Seals vs. Zombies,5.228,10/8/15,Navy Seals vs. Zombies,4,65,10/8/15
130,49,9-Apr-10,After.Life,"$4,500,000 ","$108,596 ","$2,481,925 ",4/9/10,2010,After.Life,After-Life,0.1,1354,[18],155711,en,After-Life,0.994,1/1/10,After-Life,5.5,20,1/1/10
131,55,25-Jun-13,Hansel & Gretel Get Baked,"$4,500,000 ",$0 ,$0 ,6/25/13,2013,Hansel & Gretel Get Baked,Hansel and Gretel Get Baked,0.111111111,8159,"[27, 35]",165864,en,Hansel and Gretel Get Baked,7.556,2/19/13,Hansel and Gretel Get Baked,4.7,113,2/19/13
132,56,7-Nov-14,Fugly,"$4,500,000 ",$0 ,$0 ,11/7/14,2014,Fugly,Fugly!,0.166666667,12234,[35],299618,en,Fugly!,1.777,11/5/14,Fugly!,5.1,7,11/5/14
133,39,30-Jan-15,"Guten Tag, Ramon","$4,000,000 ","$154,356 ","$4,854,356 ",1/30/15,2015,"Guten Tag, Ramon","Guten Tag, Ramón",0.0625,15377,[18],242575,en,"Guten Tag, Ramón",1.775,1/30/15,"Guten Tag, Ramón",7.7,25,1/30/15
135,41,3-Mar-15,To Write Love On Her Arms,"$3,400,000 ",$0 ,$0 ,3/3/15,2015,To Write Love On Her Arms,To Write Love on Her Arms,0.04,14629,"[18, 10402]",75861,en,To Write Love on Her Arms,6.328,3/13/15,To Write Love on Her Arms,6.8,66,3/13/15
136,9,22-Jul-16,Donât Think Twice,"$3,000,000 ","$4,417,983 ","$4,417,983 ",7/22/16,2016,Donât Think Twice,Don't Think Twice,0.157894737,17783,"[35, 18]",356298,en,Don't Think Twice,7.304,7/22/16,Don't Think Twice,6.4,240,7/22/16
137,66,15-Jan-13,30 Nights Of Paranormal Activity With The Devil Inside The Girl With The Dragon Tattoo,"$3,000,000 ",$0 ,$0 ,1/15/13,2013,30 Nights Of Paranormal Activity With The Devil Inside The Girl With The Dragon Tattoo,30 Nights of Paranormal Activity With the Devil Inside the Girl With the Dragon Tattoo,0.046511628,8645,[35],157058,en,30 Nights of Paranormal Activity With the Devil Inside the Girl With the Dragon Tattoo,2.967,1/15/13,30 Nights of Paranormal Activity With the Devil Inside the Girl With the Dragon Tattoo,3,42,1/15/13
138,13,13-Jul-12,2016: Obamaâs America,"$2,500,000 ","$33,349,941 ","$33,349,941 ",7/13/12,2012,2016: Obamaâs America,2016: Obama's America,0.130434783,6127,[99],126509,en,2016: Obama's America,1.914,7/13/12,2016: Obama's America,4.4,28,7/13/12
139,51,31-Dec-14,Not Safe For Work,"$2,500,000 ",$0 ,$0 ,12/31/14,2014,Not Safe For Work,Not Safe for Work,0.058823529,11679,[53],256347,en,Not Safe for Work,4.48,5/9/14,Not Safe for Work,5.2,64,5/9/14
140,52,13-May-11,Go For It!,"$2,450,000 ","$180,237 ","$182,358 ",5/13/11,2011,Go For It!,Go for It!,0.1,3340,"[18, 10751]",61038,en,Go for It!,2.352,5/13/11,Go for It!,6,10,5/13/11
141,63,3-Feb-17,Growing up Smith,"$2,000,000 ","$35,312 ","$35,312 ",2/3/17,2017,Growing up Smith,Growing Up Smith,0.0625,15280,"[35, 10751, 18]",426469,en,Growing Up Smith,1.981,2/3/17,Growing Up Smith,7,16,2/3/17
142,63,3-Feb-17,Growing up Smith,"$2,000,000 ","$35,312 ","$35,312 ",2/3/17,2017,Growing up Smith,Growing Up Smith,0.0625,21884,"[35, 10751, 18]",426469,en,Growing Up Smith,1.981,2/3/17,Growing Up Smith,7,16,2/3/17
143,81,21-Oct-16,Iâm Not Ashamed,"$1,500,000 ","$2,082,980 ","$2,082,980 ",10/21/16,2016,Iâm Not Ashamed,I'm Not Ashamed,0.176470588,17747,[18],409502,en,I'm Not Ashamed,7.661,10/21/16,I'm Not Ashamed,6.9,88,10/21/16
144,6,28-Sep-15,"Me, You and Five Bucks","$1,500,000 ","$2,105 ","$2,105 ",9/28/15,2015,"Me, You and Five Bucks",Me You and Five Bucks,0.045454545,16234,"[10749, 35, 18]",361505,en,Me You and Five Bucks,0.691,7/7/15,Me You and Five Bucks,7.7,3,7/7/15
145,14,13-Feb-15,Girlhouse,"$1,500,000 ",$0 ,$0 ,2/13/15,2015,Girlhouse,GirlHouse,0.111111111,14554,"[27, 53]",312791,en,GirlHouse,6.853,2/14/15,GirlHouse,5.3,127,2/14/15
146,45,8-Jun-10,The 41-Year-Old Virgin Who Knocked Up Sarah Marshall and Felt Superbad About It,"$1,300,000 ",$0 ,$0 ,6/8/10,2010,The 41-Year-Old Virgin Who Knocked Up Sarah Marshall and Felt Superbad About It,The 41–Year–Old Virgin Who Knocked Up Sarah Marshall and Felt Superbad About It,0.025316456,579,[35],38570,en,The 41–Year–Old Virgin Who Knocked Up Sarah Marshall and Felt Superbad About It,3.264,6/8/10,The 41–Year–Old Virgin Who Knocked Up Sarah Marshall and Felt Superbad About It,3.4,59,6/8/10
147,90,21-Mar-14,Godâs Not Dead,"$1,150,000 ","$60,755,732 ","$63,777,092 ",3/21/14,2014,Godâs Not Dead,God's Not Dead,0.1875,11271,[18],249660,en,God's Not Dead,8.327,3/21/14,God's Not Dead,6.1,503,3/21/14
148,22,11-Mar-16,"Hello, My Name is Doris","$1,000,000 ","$14,444,999 ","$14,662,703 ",3/11/16,2016,"Hello, My Name is Doris","Hello, My Name Is Doris",0.043478261,14456,"[35, 18, 10749]",320588,en,"Hello, My Name Is Doris",7.802,3/11/16,"Hello, My Name Is Doris",6.4,265,3/11/16
149,22,11-Mar-16,"Hello, My Name is Doris","$1,000,000 ","$14,444,999 ","$14,662,703 ",3/11/16,2016,"Hello, My Name is Doris","Hello, My Name Is Doris",0.043478261,17734,"[35, 18, 10749]",320588,en,"Hello, My Name Is Doris",7.802,3/11/16,"Hello, My Name Is Doris",6.4,265,3/11/16
150,37,14-Jun-13,20 Feet From Stardom,"$1,000,000 ","$4,946,250 ","$5,892,466 ",6/14/13,2013,20 Feet From Stardom,20 Feet from Stardom,0.05,8127,"[99, 10402]",159014,en,20 Feet from Stardom,7.866,6/14/13,20 Feet from Stardom,7.4,127,6/14/13
151,24,27-Oct-15,The Horror Network,"$1,000,000 ",$0 ,$0 ,10/27/15,2015,The Horror Network,The Horror Network Vol. 1,0.28,16230,[27],323270,en,The Horror Network Vol. 1,0.692,10/27/15,The Horror Network Vol. 1,5,3,10/27/15
152,48,31-Aug-12,"For a Good Time, Call","$850,000 ","$1,251,749 ","$1,386,088 ",8/31/12,2012,"For a Good Time, Call","For a Good Time, Call...",0.125,5360,"[35, 18]",84200,en,"For a Good Time, Call...",8.686,8/31/12,"For a Good Time, Call...",5.8,167,8/31/12
153,54,3-Aug-12,Celeste and Jesse Forever,"$840,000 ","$3,103,407 ","$3,787,689 ",8/3/12,2012,Celeste and Jesse Forever,Celeste & Jesse Forever,0.12,5451,"[35, 18, 10749]",84184,en,Celeste & Jesse Forever,7.285,8/3/12,Celeste & Jesse Forever,6.5,245,8/3/12
154,2,31-Dec-14,Rise Of the Entrepreneur - The Search For A Better Way,"$450,000 ",$0 ,$0 ,12/31/14,2014,Rise Of the Entrepreneur - The Search For A Better Way,Rise of the Entrepreneur: The Search for a Better Way,0.092592593,13413,[],328307,en,Rise of the Entrepreneur: The Search for a Better Way,0.6,11/20/14,Rise of the Entrepreneur: The Search for a Better Way,8,1,11/20/14
155,60,17-Apr-15,Antarctic Edge: 70Âº South,"$150,000 ","$7,193 ","$7,193 ",4/17/15,2015,Antarctic Edge: 70Âº South,Antarctic Edge: 70° South,0.076923077,16848,[99],335244,en,Antarctic Edge: 70° South,0.6,4/17/15,Antarctic Edge: 70° South,7,1,4/17/15
156,90,19-Jun-14,The Past is a Grotesque Animal,"$100,000 ","$20,056 ","$20,056 ",6/19/14,2014,The Past is a Grotesque Animal,The Past Is a Grotesque Animal,0.033333333,13812,"[99, 10402]",268917,en,The Past Is a Grotesque Animal,0.6,6/15/14,The Past Is a Grotesque Animal,5.5,2,6/15/14
157,93,31-Dec-14,"Dude, Where's My Dog","$100,000 ",$0 ,$0 ,12/31/14,2014,"Dude, Where's My Dog",Dude Where's My Dog?,0.1,13594,[10751],272726,en,Dude Where's My Dog?,0.6,6/12/14,Dude Where's My Dog?,7,1,6/12/14